,A,B,C,D
2000-01-01,0.3848172176713338,0.5136090473730996,-1.7052352756240556,1.3994498462885132
2000-01-02,-1.1777654684091576,-0.8860529248388618,-1.9227675589218232,1.7049030482111727
2000-01-03,-2.1972364728334632,-0.09211855225952859,-1.403218487499799,2.1968575643172965
2000-01-04,-2.374139255199717,0.5188759227896431,-2.5518550373934783,1.8283931021963356
2000-01-05,-3.560139053568801,2.06707919275655,-2.9010680876408843,2.6023191174598663
2000-01-06,-5.597885294492794,2.049260414493095,-3.017857476793826,4.660514184516378
2000-01-07,-5.857612752193423,3.2828629111985244,-2.7511150584361324,4.935789804277928
2000-01-08,-4.061721636685812,3.70208502060207,-1.432304263654219,6.289130961529841
2000-01-09,-4.419183332752688,3.4339832770694043,-0.9966789927734543,7.017586449921918
2000-01-10,-2.6202251280556803,2.2250554595097687,-0.5584353560041675,7.846860633193363
2000-01-11,-3.273449809811108,1.777644970925135,0.11679280520391422,8.322871605361222
2000-01-12,-3.5612216294352272,2.450625606807994,1.403861486689006,8.546219097297344
2000-01-13,-4.835918411012679,2.5150453016436023,2.949522619754397,7.698858917202289
2000-01-14,-5.776104629013167,3.299827073684662,1.6981906919070773,8.563212518397423
2000-01-15,-4.863948346367159,4.70162238109007,2.944850818189291,7.99990931738184
2000-01-16,-5.901191092068505,4.349867955922708,1.3482012272583688,7.156519772252051
2000-01-17,-6.652834763414194,4.489545777343628,2.754397534078943,7.2558519397029615
2000-01-18,-6.653725497854218,4.593064285541867,4.336545732727899,8.123259907221248
2000-01-19,-7.755550150857075,6.169125075890673,4.068405267438713,7.776313668111656
2000-01-20,-7.9364823255697585,5.997291902845615,3.8334416798370388,8.936530452305174
2000-01-21,-9.105351890792615,4.551227719007794,2.0510277321705246,9.578017287796053
2000-01-22,-9.377424400038192,4.502911991257582,1.563004072788395,10.46336563097386
2000-01-23,-8.96349291598774,3.46449053201503,1.6975011703221914,11.217465189740143
2000-01-24,-8.57851673431606,3.1409932507098755,1.8413262472292762,10.440545393855915
2000-01-25,-9.630259173735354,3.7297404414455797,2.0090074057845513,10.815625249905269
2000-01-26,-9.687295140157575,4.397753176392477,1.9408981109855992,11.751408870666884
2000-01-27,-10.238880841984983,6.51811767136528,1.769660758088364,12.58536843442061
2000-01-28,-10.192448246089176,6.402921393936459,1.7637223097301544,13.250670443725891
2000-01-29,-10.446503048353385,7.985292407294221,2.186095676002419,13.851247730380555
2000-01-30,-10.730692593863855,8.206985314946444,4.2148732065092895,12.625731983538968
2000-01-31,-9.056301243359652,9.47863222805276,4.9742305646937215,13.36002757847701
2000-02-01,-8.67646505722166,9.908723473695437,5.002083500927147,12.53660061896664
2000-02-02,-9.951491419338304,11.000968945037243,4.180646866348563,12.227055883657231
2000-02-03,-8.5294659884155,10.398775529668923,5.253162873117795,13.453798805623169
2000-02-04,-7.6574318549759015,10.077917458670463,7.955113365082332,13.903109865262115
2000-02-05,-9.204880646889345,9.966475593178348,7.519072780766476,14.680912607481433
2000-02-06,-8.36105282578428,8.486224201935721,8.973703929662264,13.706825000616513
2000-02-07,-8.24893031517623,8.61002427708098,9.58054004150766,14.386911799932475
2000-02-08,-8.305881179919838,8.361810711586166,9.66892886260558,16.328109290994597
2000-02-09,-7.745272155099995,7.895712867973193,10.288141071247496,15.423098135092474
2000-02-10,-5.837029867182856,7.7119599108107515,9.168732680505604,15.583198015221631
2000-02-11,-5.82132270392549,8.372292349047832,10.428539571964944,12.50915403381296
2000-02-12,-6.159999685135982,8.230964683120654,11.675455388130501,13.483212327832051
2000-02-13,-6.937763021134537,7.484537403388766,9.662487236407289,13.808479030094588
2000-02-14,-6.5116961636944275,8.556863707237435,10.038304338955342,11.32329991247397
2000-02-15,-7.278380384618636,9.467310955498036,9.773962141618691,12.520621258742466
2000-02-16,-6.433631285750283,10.349646161955322,11.47633399085883,13.62509926305413
2000-02-17,-5.8928885333156895,12.250752051467334,10.704674073369576,13.13671600330648
2000-02-18,-4.0412293089999825,11.764207346931617,11.29220425354388,13.501116981000767
2000-02-19,-2.9425853069797574,13.875724434772462,11.236626107877745,13.961407129606956
2000-02-20,-4.8061659476211425,14.592944428157447,11.599455030421032,14.723743951240857
2000-02-21,-5.042961403005459,15.454118106248329,12.261036176308808,15.663690633313685
2000-02-22,-5.642126716446957,16.602916340835,13.191479002764508,15.412969386599038
2000-02-23,-6.930095397063551,16.419198803414655,14.602596058795106,15.480541085883148
2000-02-24,-6.599142935173997,17.62171666321977,15.162592870057463,15.44563462817755
2000-02-25,-6.0462604312725,17.196043530306472,15.204016033336593,14.643075269798837
2000-02-26,-7.974410750467374,18.396864375257817,15.696959126950604,15.536953923320457
2000-02-27,-7.087983693444644,19.266223099065517,15.743471161840164,13.985817051586915
2000-02-28,-5.889569258720086,20.02727984933638,16.381088518676314,13.28411187243035
2000-02-29,-3.9590367162574656,19.056367607507806,16.044568263599285,12.56783060759115
2000-03-01,-3.9412485915890394,16.99789315995237,17.260756914400286,11.551537188692349
2000-03-02,-2.668262130527206,18.165521128066025,15.197655716774513,11.709506687988945
2000-03-03,-1.5807361518779235,20.161204667142027,16.179678015139658,11.212676882709767
2000-03-04,-1.3125264194796604,19.81422994825513,16.39130097596724,11.344663828682235
2000-03-05,-0.4419438110387658,20.20679248776703,17.992188726350566,10.981583783721176
2000-03-06,-2.278917326812845,20.06494740339162,17.839536000929147,11.211494144590965
2000-03-07,-2.535912586849203,20.746712870067075,19.577277605065312,13.376542986979246
2000-03-08,-2.5405425452475616,20.062871842570164,19.378029433544413,13.75871241613769
2000-03-09,-1.3127067825555558,18.82634451678038,18.393851817514143,13.551477201076914
2000-03-10,-0.6178909186733881,19.22089622686924,17.804076822319047,13.631010701260585
2000-03-11,-1.4346632296473065,18.97399909668252,18.24787520781003,12.838022759804703
2000-03-12,-1.503389862199249,18.298743386469162,17.003985101661286,13.543647104610605
2000-03-13,-2.425262414297742,18.19815420669812,17.578844330041278,12.722988505445466
2000-03-14,-4.430717081645081,18.7692346315849,18.36706128185449,12.886688667242973
2000-03-15,-6.970604666988466,18.26461250470265,18.673254192735754,14.35941471463255
2000-03-16,-8.617598665985051,18.238397841546934,19.784665817579217,14.953073008041406
2000-03-17,-9.179419735201957,18.72489363068264,18.542805989636232,14.025151359746124
2000-03-18,-9.670386716078234,17.575545331174332,17.857738996451893,13.91282564879724
2000-03-19,-10.900292771426244,16.801985275441755,19.04143904376204,13.769300604066824
2000-03-20,-9.464944160017438,15.517581327621327,19.03319523475704,15.038778625095805
2000-03-21,-9.631421786298523,17.556757004103265,20.34863062778291,13.670878925933241
2000-03-22,-8.214718438488196,17.06133445883072,20.67723397944622,12.828688944874004
2000-03-23,-8.494367813793815,16.181249519298177,20.853263916278397,11.27683505682491
2000-03-24,-9.319872755724923,16.540383915718067,22.739684872714133,13.76475755552991
2000-03-25,-9.877357210905608,16.75838559675444,22.52195515072769,14.108092053314545
2000-03-26,-10.755350051724564,16.177069229720033,24.791164473414643,13.584624093032769
2000-03-27,-11.001593046105059,16.223342995281804,24.0343126011633,12.108282166066841
2000-03-28,-9.978989000905825,15.901303043344317,24.997958174747883,12.253235042615437
2000-03-29,-9.638858612466475,16.81389671774639,23.92821773579846,11.086327797451425
2000-03-30,-11.470576263303322,17.68710837581425,23.244040994676705,10.579289822026885
2000-03-31,-11.153052296050413,17.21805183239565,24.884177983353673,9.746136655819102
2000-04-01,-11.998598618674405,16.51240499220697,28.147412099066237,12.03991191808029
2000-04-02,-12.461775028921464,16.7445211383642,29.214971021999187,11.761514831771938
2000-04-03,-12.359063135662675,16.229586587205674,29.369847482561852,10.973176945345696
2000-04-04,-12.784081467108617,15.732022729893695,29.89778981730797,11.246234735007288
2000-04-05,-12.1198539242055,15.798345607976666,30.5536995635658,9.879728139599735
2000-04-06,-12.511588889481324,15.66114066368257,30.973869167090946,10.776169105596017
2000-04-07,-11.829361412129769,16.151607648220395,28.814927521469464,12.425635528931254
2000-04-08,-12.474013922849252,16.259585925815433,29.528606743905986,12.992716581803275
2000-04-09,-13.93100180051978,16.91928460170289,28.820576515356425,11.899405967382434
2000-04-10,-13.545613081702657,16.58212768952422,29.605754065055088,12.778379872166193
2000-04-11,-12.68587700665567,16.422412256600307,30.712851644528143,12.412745442955323
2000-04-12,-14.3893808435283,16.190337968639973,29.812682878921112,12.208420384974344
2000-04-13,-13.887520619682073,15.4235507397389,30.071207905525153,14.559467899625567
2000-04-14,-13.632554302093947,14.281094555095848,31.316775568287476,13.280370818810223
2000-04-15,-13.40517229974718,14.355004261386116,31.47336495088745,13.319012087688582
2000-04-16,-13.4281393490321,15.404365965491127,31.060747837681262,13.965628830610529
2000-04-17,-14.880230913043416,15.509287959088104,28.437938946137503,13.40114179466269
2000-04-18,-15.126294810730796,15.54987413846115,28.139688407339676,13.777759485714386
2000-04-19,-14.30503868831388,15.48497546348047,28.300968848327116,15.071717421694354
2000-04-20,-14.785771140275951,14.88329677165077,29.82468289661375,12.477741931327193
2000-04-21,-14.089522755126804,14.18565000231432,29.118308052772537,13.976620409838953
2000-04-22,-14.796584896036977,14.54361108651488,27.67084168545376,13.040498764534005
2000-04-23,-14.097936551527013,15.829463916356241,27.679011877158928,12.491628994925081
2000-04-24,-14.521734522022358,14.093258513168193,28.50786128822115,11.616244293738264
2000-04-25,-14.058870676905459,13.292406017262637,27.21041485229708,11.279243463109706
2000-04-26,-13.409787145358699,13.59278757950741,27.59923909076441,11.605337228243979
2000-04-27,-14.807393650485608,13.363587420215772,27.23219849212398,10.848752168472721
2000-04-28,-14.575582017656423,12.324751777242964,26.347367886455398,11.393943641862425
2000-04-29,-14.571134273002396,13.433421599618276,26.938260538179513,11.303299016756432
2000-04-30,-12.495972272937669,14.22727315703841,27.33951444781447,12.679253119913325
2000-05-01,-11.298777017912913,13.97288867156589,26.34626976376029,12.120458974455927
2000-05-02,-11.86060071670388,13.614661199295625,25.86900859725086,12.105292526973194
2000-05-03,-12.328096252595662,14.05881994180896,25.20785795052469,12.615472932537944
2000-05-04,-12.522944835317663,12.850735660940492,27.91386940936779,15.000205244587558
2000-05-05,-12.241551539393985,13.004272078241355,28.193907518703565,14.509258178661131
2000-05-06,-12.327452140128418,14.546661882481853,29.54341855546505,13.429036758370847
2000-05-07,-11.258983877584933,14.28970157012007,28.048453132303283,13.895076232083586
2000-05-08,-12.351087465448133,13.395427414213827,29.896659355604882,14.074552717613837
2000-05-09,-12.473816182805864,14.104474510773311,31.154053598296127,12.819904389947906
2000-05-10,-13.58291612931337,15.54066626078815,32.64313212526488,12.615686107518831
2000-05-11,-12.858105047085111,15.595798853660437,31.27177013976067,13.406955962260557
2000-05-12,-12.341114845390642,14.674320429668317,30.79696489539072,12.217733268804084
2000-05-13,-12.404643601101803,15.053853322805493,30.10799686965121,11.189340589738404
2000-05-14,-11.052597234241091,14.427947399569055,29.159237087260866,12.188395323403805
2000-05-15,-12.263982730519833,15.22577083683065,27.738059879605153,12.717549304380315
2000-05-16,-10.58943582207754,15.661616809286443,27.641531394627226,14.556379012545523
2000-05-17,-9.414055321589576,15.076084994966825,27.05313217294318,15.069292277350486
2000-05-18,-9.37772335270577,17.496704598860028,27.368374235858063,16.600822963218523
2000-05-19,-9.936365683065157,18.689726932443385,28.18063550569342,15.897727821683814
2000-05-20,-8.670950368557572,18.521989662185334,29.451625044568807,18.130443142042328
2000-05-21,-10.785968885677152,18.965299590795183,29.50631339917788,17.43214299661198
2000-05-22,-10.636052767185225,18.69448654751021,29.987531636969095,15.74734983365601
2000-05-23,-9.976097464194043,19.445543336419284,30.12280066511971,14.78757124672252
2000-05-24,-9.728496792937873,20.54882085011401,30.392606384724534,15.247160782684952
2000-05-25,-9.927500006987533,20.819254911624814,29.92111509368774,15.337983982805019
2000-05-26,-10.905025545746422,20.105455465182395,30.667363070792796,16.18036495352623
2000-05-27,-10.326691259249335,20.389377642658683,32.92007192751623,15.742491462219933
2000-05-28,-11.361732065118913,20.699033014848823,32.64773526562986,15.916474214446625
2000-05-29,-11.753669466659705,20.613560324400193,30.50846198451107,15.596944376270265
2000-05-30,-12.174949783894881,20.70598436047979,31.527954004054745,16.786518091237237
2000-05-31,-10.920218715412583,19.9280834570563,31.1188328201159,18.35261768423965
2000-06-01,-12.376037601002587,19.904063617859563,33.063359026447955,18.725183485688582
2000-06-02,-13.837034434279643,21.17097590063018,31.02047834909626,17.019181006725127
2000-06-03,-13.754498823575489,20.23642607032109,30.853319437357367,17.454791695338812
2000-06-04,-12.770262514783479,20.393177671804494,30.983840214202143,16.998924652477392
2000-06-05,-12.583921260076957,20.612776275877422,29.976475614412692,17.360427906675053
2000-06-06,-12.795615534938534,21.39406250756601,28.404880826248792,18.30782358307255
2000-06-07,-10.606304240825908,21.503683826605332,28.4354914561243,18.333969069536398
2000-06-08,-10.178084941047008,20.800954220373157,29.092324571644205,17.60185121745091
2000-06-09,-9.699742800939383,19.40119053210656,28.52436942916088,18.046606864432132
2000-06-10,-10.099127426807518,18.778439576110628,31.138266419748614,18.246720004878195
2000-06-11,-9.409689705926017,18.258141981149514,29.15741753702018,19.418865088087514
2000-06-12,-9.726558349719104,19.03689529163047,31.063640961734016,18.809641338323303
2000-06-13,-8.94598487799033,19.139093002412164,31.350364512436332,18.856844564469263
2000-06-14,-9.44525715146475,20.044271516771172,29.923000580681396,18.873071677351664
2000-06-15,-9.674952615405262,21.195283624753266,29.112827859311896,17.96153269983081
2000-06-16,-9.773402768659267,19.878663550675565,30.013297395622896,18.080528513163788
2000-06-17,-11.296279893959683,19.077558014067186,30.53596654680944,18.020982425645872
2000-06-18,-11.3334739547344,19.991834964811293,31.217263005319072,18.443876992659824
2000-06-19,-13.271894409847256,20.217048616194635,31.44654833633026,17.946100235981433
2000-06-20,-13.692846289875487,21.391578326927622,30.685914397571665,17.527314180642897
2000-06-21,-13.341866852751666,21.81967514541079,29.31893153056945,17.078716943061607
2000-06-22,-12.295303427278672,22.173373508184493,28.54203930582835,17.51939950399784
2000-06-23,-11.543366539059049,21.241141087296292,28.252608728771897,18.976315139823598
2000-06-24,-11.887986706565886,21.891317977448363,28.961445456381234,20.80540381286023
2000-06-25,-10.94815890572783,21.435402425336015,27.71872322245199,19.3053460122933
2000-06-26,-10.860946574811877,22.206864847323335,28.038880406798413,19.2057502970252
2000-06-27,-10.883431103065348,22.872030238960708,27.775807447684127,17.61435084589125
2000-06-28,-12.789812779412715,23.71602232985574,27.103494524549866,18.780089593853674
2000-06-29,-12.346888652059175,24.856900734028848,25.763578931613047,18.36991318450707
2000-06-30,-12.412293324052728,25.22955629932042,25.655326788031847,17.78395782151745
2000-07-01,-13.070710575969807,26.293956144229938,25.910483989422012,17.906042347093724
2000-07-02,-13.638637155266913,27.13853112761679,27.44775972292277,19.49883221157301
2000-07-03,-14.148411813996038,26.402647388142235,27.338852915764793,18.07850838983333
2000-07-04,-13.97458027817782,26.52876752083985,27.612891931657632,17.805255671555063
2000-07-05,-14.813385131177125,27.341672165852877,25.6232274529788,16.6327270889517
2000-07-06,-14.318026195958806,27.49195201087784,25.716226494350284,17.88228333438987
2000-07-07,-13.314097839595009,26.598189950125235,28.044256049128144,18.286996479388165
2000-07-08,-12.590106710924399,28.254496760416146,26.574066878794213,20.57248210092205
2000-07-09,-10.956616346341775,28.430400940885377,26.376350312199985,21.34370599193584
2000-07-10,-11.829971418748833,27.457915555320927,25.878118181614187,19.74990653155075
2000-07-11,-12.911744359151534,27.228442003953557,24.83233993538645,20.993801415272383
2000-07-12,-12.424517002773372,27.00267608126866,23.130021312205358,19.03766863408412
2000-07-13,-12.537972493487654,26.780810882476757,22.26753235534673,20.381223598906455
2000-07-14,-11.085386577475072,27.250096437714344,22.85872018794521,17.776193711725217
2000-07-15,-12.562297509019968,27.362645121501643,22.684264998503878,18.603214036763042
2000-07-16,-12.489401435050988,26.72164784569622,21.155131797359505,16.82842669570837
2000-07-17,-13.706679268961429,25.944749517284134,20.624126521708405,15.921269243276054
2000-07-18,-15.034215875981614,25.122767768163154,20.957994800268413,14.882871652180958
2000-07-19,-15.942211160093422,24.98562151947904,21.420091901501866,16.118192429918274
2000-07-20,-15.661471970154805,25.515749963083703,23.290602263789943,15.787014265255491
2000-07-21,-16.660680612787047,23.679129481807333,24.224235017026203,17.161089423844686
2000-07-22,-15.71545823620701,22.919049913716574,22.783362436528186,17.66665021348576
2000-07-23,-15.806256792736097,24.37665864944903,21.118420255717645,18.187922426613643
2000-07-24,-13.544269544826038,24.553952980302533,18.712894672181218,18.182823228017288
2000-07-25,-14.489584569397781,24.36480048651307,18.513389795390133,18.669913733145822
2000-07-26,-15.656838245454967,23.084008241539117,18.202046983573652,18.5730488204521
2000-07-27,-14.397607180445126,23.188126706051875,18.716125989144462,18.162992894274048
2000-07-28,-15.847128075459413,23.860171537087087,17.70393203760649,19.28400424634025
2000-07-29,-16.52561469313719,24.609565854610917,16.8960784512174,19.48888336680857
2000-07-30,-15.652024640790728,26.994877361000906,17.49694951251048,18.336415767506026
2000-07-31,-14.36889459824729,26.712124485274423,18.40465280067225,17.14341502642376
2000-08-01,-13.975551641112459,26.149231532795113,17.715721844280928,17.099737245209308
2000-08-02,-13.825078406475328,26.988924769788127,17.90460103774355,17.149595646343478
2000-08-03,-14.254029933325954,27.73539844798513,16.52102494448138,16.10965380177587
2000-08-04,-15.513005756364423,29.361505971729493,15.140127311165697,16.257857943334333
2000-08-05,-16.19085781471768,29.597257525666983,14.639480735642561,15.893615302290828
2000-08-06,-14.958153395851985,28.45750783278909,14.788202831900632,16.1414946374606
2000-08-07,-13.442811648018788,28.325043101638443,14.101768898639959,15.625793041876799
2000-08-08,-15.189523483756522,28.831861486659562,14.984886597542372,15.986176397248755
2000-08-09,-15.118054910016923,28.43530708442587,14.40485026138429,15.374627373595294
2000-08-10,-15.428340966050762,27.55286098035489,14.982332850191654,14.502734233236657
2000-08-11,-16.576222175049978,27.940124066635956,16.41632394839829,14.567788467369514
2000-08-12,-15.824814511204433,28.315513938841328,16.82985108390095,15.75278741780264
2000-08-13,-16.20839295725895,27.432803879449068,15.883196947952138,16.59311633544034
2000-08-14,-17.306066525293296,26.71465586334092,16.043057589772772,16.02555175785199
2000-08-15,-15.105606989436943,27.08579576654886,17.000999327378164,17.267110704748436
2000-08-16,-15.90737794917566,25.591699666893735,16.57189192878408,15.65355531259603
2000-08-17,-14.409825261792076,27.01456515642819,16.23829109592016,16.19507977974902
2000-08-18,-14.982461104260777,28.426494372168065,16.774459074902737,15.176628589258724
2000-08-19,-13.878383631779169,27.153421163799685,15.906915593653391,14.92228894318333
2000-08-20,-13.06183740022272,27.337535224410775,15.370695103552693,14.16412202999217
2000-08-21,-11.921551261112295,27.828085828185316,13.134699842046743,15.28450475331142
2000-08-22,-11.143884305969364,27.73642463365179,14.791973569651066,15.101577887471697
2000-08-23,-10.833692093743938,27.86822399792395,14.846774583534442,15.328580827291608
2000-08-24,-9.363114741949094,26.425822368737418,16.39397984710628,13.989868117414064
2000-08-25,-9.738157491644916,26.005831026089126,17.569156057742706,14.038715337665632
2000-08-26,-10.122225659688548,26.299084085512046,18.98959194507131,12.684321416600469
2000-08-27,-8.630422348863851,26.158457798691426,20.179586418934996,14.306872044902086
2000-08-28,-7.3027995765679705,23.967762167369088,21.086540982438713,14.460570550206857
2000-08-29,-7.727187502013032,23.355487298339188,22.593912022554466,14.653342806274763
2000-08-30,-8.213170456181166,24.45039641763939,21.038840995751556,14.977592549959102
2000-08-31,-8.889439906525851,24.42706004500241,22.40635697603289,16.750434315267043
2000-09-01,-9.76619593384376,23.604978952323656,23.07797275628535,15.434426126516602
2000-09-02,-10.668776297938118,23.38215795757349,22.9906392559259,17.175753599539522
2000-09-03,-9.381052233322599,22.95413005623191,21.99255644480356,17.143769563418804
2000-09-04,-8.389173752940906,23.568582280403355,22.394397297129366,16.02716879905523
2000-09-05,-7.2421024153907,22.89390535631232,21.74782816172326,15.600422318650558
2000-09-06,-5.853305920028996,23.66074343093331,20.500613364038863,16.11179964286864
2000-09-07,-6.1484625679054155,23.56748669821141,21.011058221138804,15.203494019353371
2000-09-08,-5.08217480118447,24.402369422672574,23.22905098205981,14.475864396440315
2000-09-09,-3.842047711796983,25.496247550643933,23.641727502980196,13.064788924146157
2000-09-10,-3.222498027551925,26.110073306137956,23.28309394689183,12.150656604473358
2000-09-11,-3.6856333696804193,26.87543631675815,23.47948901071863,12.308183798245386
2000-09-12,-2.282746597446672,27.887868747741976,24.416821077601437,11.998294624236888
2000-09-13,-2.841659175865065,28.377484376635845,22.69806173218521,12.437844937865316
2000-09-14,-2.124329084398255,28.237103216321206,22.711064161209226,11.463387362538864
2000-09-15,-2.1008822533225433,30.35458947968177,22.871421704180104,10.077777224570974
2000-09-16,-0.8338241113551137,29.979853592735154,23.561552407010804,12.248561580205216
2000-09-17,-0.8570978647627139,30.92070906622458,23.634574228746697,11.648251489392555
2000-09-18,-1.4064315311432158,31.02921851622394,23.143623263176064,13.867534469275693
2000-09-19,-0.7331669440076591,32.026031658503534,23.466373051274044,14.088382488755036
2000-09-20,-1.735393757327903,32.485037488425725,25.75879194901661,13.667720825603181
2000-09-21,-1.048397909892627,33.545176837424364,23.515812219214077,13.835933772677821
2000-09-22,-1.4656993256702777,33.46799370194002,23.79820511616955,14.066387227463162
2000-09-23,-0.8304157978430424,33.159513052429645,23.973389224624807,13.98615374253709
2000-09-24,-2.0403533044906483,34.46991599666033,24.030624281815605,14.708427285193377
2000-09-25,-0.6312194697563196,34.43151515196618,23.79677001756857,14.801735726758816
2000-09-26,-1.6766833000984211,33.30288806507327,21.725960344084204,16.043967886160445
2000-09-27,-2.1685853099698695,33.77474378333472,22.211263357827207,14.42992255538951
2000-09-28,-2.1003290208427425,33.977876978175054,21.150013702372632,13.201543484306834
2000-09-29,-1.892671639022567,35.55483245652451,21.897657619650424,14.405416408552218
2000-09-30,0.3261280147122101,36.91838415905493,20.785412011435227,14.110232455461906
2000-10-01,-0.862318789144622,38.50451905033293,20.358695104090277,13.8260811023209
2000-10-02,-1.1798195480711269,38.99451517012434,21.14713291182681,13.601307043645434
2000-10-03,-2.046821840689209,38.148466205858114,20.2560243940587,13.54746254197009
2000-10-04,-4.183517892512377,39.609271817065,19.944688202508058,13.645369330271775
2000-10-05,-4.079184118189082,38.95738430429149,18.986396504255264,14.151102800108502
2000-10-06,-3.0232043485765754,38.53237278364768,19.34261570570129,13.755198384242806
2000-10-07,-3.820105317084507,38.79305037833577,17.532753676625656,14.897403999323007
2000-10-08,0.09078942143696711,35.970383822314716,18.65001456094704,15.084157900687211
2000-10-09,2.0938188554475046,38.003396359058755,18.462357389955393,16.42239373121933
2000-10-10,1.5928447705355593,39.82215044382923,17.73285121254547,16.061814246662976
2000-10-11,2.3318124176331767,40.85827450360236,18.052696714016772,15.97804434740071
2000-10-12,1.6289236791114412,40.35872997203193,18.643075671848386,13.974439926210513
2000-10-13,1.4039897369082868,40.385187218072105,19.92357502171489,12.908260594350772
2000-10-14,1.6798818698590774,39.88928984474841,19.365021391225657,13.676399759686023
2000-10-15,1.7868214631436494,38.74734126494844,19.593138476519577,15.324888387024675
2000-10-16,2.9396328106366427,38.32365956662635,20.025052345512957,14.877603550007217
2000-10-17,2.9520972753520063,39.11149930172957,19.671661541940054,14.882327526768702
2000-10-18,1.7120710181957814,40.83167579741701,18.38583471159029,14.800129616532512
2000-10-19,1.4339687127554819,41.327670973936904,17.6928079391485,15.462455131822558
2000-10-20,1.8458255364363552,42.54097763400773,17.358257343044976,16.870021868093016
2000-10-21,2.2307504419046866,43.064681064524855,17.03402577055125,17.15598816153139
2000-10-22,0.3732941207471796,43.42767634506118,18.483514910790063,17.434515451358397
2000-10-23,0.4757223425453521,44.893351029038755,16.728928080942513,19.24248278997814
2000-10-24,0.9975234882290289,45.9362348391556,18.57935317113803,17.92192311303652
2000-10-25,1.129382224459057,47.01006253126874,17.551851376633987,18.16911702935696
2000-10-26,1.926497935848771,48.11882514065876,17.813116349150793,17.980493356375952
2000-10-27,0.28581116327925327,50.33358799097223,17.806136247851757,18.39026401975106
2000-10-28,0.46932059746182625,49.08602785644453,16.4996786620185,19.22484703801116
2000-10-29,-0.2907824197469729,48.67853461096733,15.203869515384106,17.414701527041288
2000-10-30,-0.07335264922273857,48.77736988147893,15.5856043116267,18.22472224977547
2000-10-31,-2.289087440626744,48.48480224806249,16.973029400063588,19.124292185732564
2000-11-01,-1.5929250430450952,47.67021090549724,17.75776037535856,18.68812069877477
2000-11-02,-2.134913574049861,48.865106049416376,18.733608008447163,18.705729451104997
2000-11-03,-2.937578045286223,50.37758111402154,19.250041344446096,16.8888044378925
2000-11-04,-3.0454042002546835,49.92380210524749,18.18309864359639,18.082427889255058
2000-11-05,-3.482102378431075,49.73627166937622,20.144926602735413,17.961282771371884
2000-11-06,-1.6295170311593885,50.31233957110968,19.32208777643386,18.286543356444344
2000-11-07,-0.4922492289814211,48.17149915816362,17.128638528911523,17.648369540585616
2000-11-08,-0.5018841833350447,46.57887688516038,15.177294383014086,18.072272481312027
2000-11-09,-0.7721513329766241,45.17629632865052,15.87496560151177,17.867423529350198
2000-11-10,-1.4532469831816301,46.18212825250962,16.28913265817636,16.470895013887635
2000-11-11,-1.6562675501534954,44.879916171001035,14.640399181030682,16.111469037120607
2000-11-12,-2.9321488354775047,45.94258950157881,13.98920813756006,16.365327428644484
2000-11-13,-3.151981369826566,46.056562489536454,13.31839589143277,16.546465029887845
2000-11-14,-2.597308390117462,44.304376347207025,14.4317441351879,16.342592467809887
2000-11-15,-4.632143627980206,42.157299336881245,15.325091191519935,15.708075229018958
2000-11-16,-3.8515648341456514,42.36056188088294,14.440583406224283,15.85372535886336
2000-11-17,-3.2516134998687947,42.613901324309495,13.181131400953298,17.373267546522023
2000-11-18,-2.929770194655032,41.4571645680299,13.131797048872675,17.24196577777889
2000-11-19,-3.7097395870361605,38.9012539664388,13.831399852950025,18.062283689980738
2000-11-20,-4.012440014858638,40.02421733092152,14.325808855762455,17.750249646283873
2000-11-21,-5.224399074942174,39.71463992958977,13.932571921410059,20.426890731363862
2000-11-22,-5.877676379008312,39.4091042624837,14.34477072988159,21.069332419973072
2000-11-23,-5.399582925492095,39.19264825262531,14.0789122089487,23.294448659062382
2000-11-24,-4.65516726672503,38.559809520952705,13.146448666965918,23.90056313333468
2000-11-25,-4.623491910389478,40.4559229348983,13.576107615161224,23.708858644735386
2000-11-26,-4.843619410852707,39.60636588599577,12.777615376130083,24.108507795445977
2000-11-27,-4.055512063395384,40.41861383824979,12.939965010073042,24.62849740968444
2000-11-28,-5.337766457541853,40.77943565396937,12.00942427361961,22.615358661929235
2000-11-29,-5.867442439208698,40.01915985738495,12.384048411630154,23.04022274509819
2000-11-30,-6.9909745510498364,41.27360965208423,11.757279761947439,23.076431834738763
2000-12-01,-7.5562193449070385,40.33655043317612,11.592144789374863,21.876356694028043
2000-12-02,-7.065563656724092,40.55314134335723,12.615341804440828,20.83844280075072
2000-12-03,-6.31889582331118,42.1573125082399,11.997949396545776,21.255394094571816
2000-12-04,-6.530025755762432,41.65231817839447,10.599165173488974,21.563055815565995
2000-12-05,-8.204914966732188,41.2359322224878,12.098653179454404,21.323209021247475
2000-12-06,-10.04916790379617,40.730726287178676,13.278901112240636,22.05061637897003
2000-12-07,-9.041145294864453,40.712557517214336,12.337174783494753,21.535898358631115
2000-12-08,-7.558893896823085,41.9959176933966,13.538959419890197,21.167789742103253
2000-12-09,-5.917525269587241,40.301789590022466,12.958068485861162,20.809190416859977
2000-12-10,-6.851000128999552,39.56878316146344,14.381661270632874,21.45437462208415
2000-12-11,-6.017147775906682,39.53917114082909,15.764534253289037,21.240270524838277
2000-12-12,-6.330361385196542,40.55277904655139,14.658207013668944,21.14995636713984
2000-12-13,-5.310847345140175,39.25623900013214,13.187168531114144,19.589938844111618
2000-12-14,-5.557105988905268,38.86730857438793,13.484742893761313,18.28204943404174
2000-12-15,-6.255053569332353,38.90316951613838,12.802824325422685,18.452092151526333
2000-12-16,-6.29779955030053,40.86129801722982,14.130497719059488,20.839250086890065
2000-12-17,-5.440039035634569,40.60824229764735,16.13436530800498,22.697060268306128
2000-12-18,-7.336976645695294,40.299533210126825,17.577181340740854,22.9726049080178
2000-12-19,-6.820985056348521,38.50096346633895,17.68405509468545,24.363580882206236
2000-12-20,-6.893790703443336,38.77402128233596,16.834239738014,25.905820124141197
2000-12-21,-6.824350892155771,39.467042899010316,18.740221821854096,24.537461259545374
2000-12-22,-6.587983212361738,38.862186863125245,20.017347540571787,25.579724971634842
2000-12-23,-8.965755606401569,39.285458378116864,20.152639649942923,25.22134971140189
2000-12-24,-6.597157854965282,37.928245989305886,20.509429387826863,25.739966605127513
2000-12-25,-7.18690189535062,37.31305242824534,19.834487947116937,24.608442269003238
2000-12-26,-7.184503681691024,37.24081517163835,18.317571987424408,25.72443113362
2000-12-27,-6.237687348095337,38.345072515834545,18.57603150071333,27.915174385229484
2000-12-28,-5.836995236892484,38.451599690610855,18.729614514286975,28.680744996629926
2000-12-29,-6.418014486282464,38.51165573518078,19.62150245151262,29.30112547168775
2000-12-30,-7.156216140782901,38.19929699714629,19.501442104521697,29.908733423235237
2000-12-31,-6.884219670543855,38.62992643112737,19.47060397017439,28.68825913106474
2001-01-01,-7.092061723684896,38.70673311735663,19.135193732556928,28.674141278521777
2001-01-02,-7.693747213765317,36.52927598692829,20.356446040442716,30.5509693800968
2001-01-03,-6.799671669124369,36.23492413458132,21.237288453476342,33.19942164451303
2001-01-04,-8.15864335512249,35.82575588813424,21.25989743518578,32.31770581446116
2001-01-05,-7.728185337359501,36.33010638536966,19.864772890306654,33.27825863055649
2001-01-06,-7.631156155538834,35.85609500569157,19.39571040873092,33.39221165649394
2001-01-07,-7.6750091091965125,35.78822138444553,17.187225316761836,34.39956394155902
2001-01-08,-8.221685917004612,37.572910403458636,17.462593493609084,33.861914377323245
2001-01-09,-7.3158569022262805,36.22650042213063,17.409702440316337,34.04812561696983
2001-01-10,-6.849435966103784,36.335231309021175,17.020615783566672,32.517964005579046
2001-01-11,-6.754029297533217,36.1488605331194,16.655182491291196,31.81422533930357
2001-01-12,-5.415001551425931,35.78904769059685,15.581658145614197,32.65023455487721
2001-01-13,-4.537405263653574,35.79219905268282,17.487760449385664,32.54135147366704
2001-01-14,-7.588809339285149,35.96181820405917,18.064115615035885,31.908277032471055
2001-01-15,-7.855393544454402,36.590998609153125,17.151379820597743,33.34263083404024
2001-01-16,-6.466915079642261,34.59761015149616,18.018791769265018,32.63502261528374
2001-01-17,-6.630501179523535,35.00221902676333,16.58081238743758,30.889866522826516
2001-01-18,-4.943037135452383,34.090729201192,18.76791734304831,33.64983133500231
2001-01-19,-4.955772768623691,32.856445217069044,17.836865571623363,32.963474503164896
2001-01-20,-6.019590705721353,33.063750174783735,18.505144895867407,31.879442835925335
2001-01-21,-6.839688772681435,31.10458829478564,18.253920879803175,32.058436795416576
2001-01-22,-6.725208735200968,31.450891103619437,18.392027576122867,30.677721415391662
2001-01-23,-5.340678688883029,30.881566763572266,18.00373183436321,30.774100944036768
2001-01-24,-6.16458297639874,32.12464643521886,17.32152389410841,31.408759842746704
2001-01-25,-5.326395599522253,33.218128484267666,17.44134030342396,31.253121306488435
2001-01-26,-5.618702967638462,31.991309631390347,17.32097011535962,31.586518077785055
2001-01-27,-7.204702321933342,30.81619845603541,18.76399011381294,31.45277900849908
2001-01-28,-6.698262320890922,30.012121807998493,17.695485086557483,31.49610335848059
2001-01-29,-4.9128868019252785,29.556746132499953,18.516029482187612,33.6527072449802
2001-01-30,-5.358354018127239,30.40170428944054,19.852809054677575,33.47898042303391
2001-01-31,-6.570307721232986,30.064150596066998,19.23439889725388,33.02793495539208
2001-02-01,-6.439505821411062,29.574031580794582,18.477387119599182,32.823212441398645
2001-02-02,-5.937350911635338,28.82095747575184,16.89828528397501,33.13114241217938
2001-02-03,-7.359868213241315,30.80866852516858,19.04759601817216,32.629134378224464
2001-02-04,-7.243090450697885,31.348623326681214,17.54338484170155,32.42092273634914
2001-02-05,-8.643490105172493,32.4583622043864,16.62379808399999,32.99288491194217
2001-02-06,-9.069206794245064,31.74961630570132,16.419498427524903,32.57867222177838
2001-02-07,-8.886981394469576,32.31610822976253,17.28497962483143,32.03553169834415
2001-02-08,-5.968909035329408,33.302062735776886,15.883826285315033,31.605188123321415
2001-02-09,-6.120429651436685,32.17847590179024,16.011801280226802,31.00215939270174
2001-02-10,-6.602358383748338,31.992718544921686,16.31507510868396,29.802613982528687
2001-02-11,-7.803799247473202,31.391861413776905,15.61614899497677,27.36486022695511
2001-02-12,-6.026093865632312,32.303987991717726,14.307556283958352,27.27532594363635
2001-02-13,-7.408319426442837,31.600110331995374,16.04180527359282,25.672424788181367
2001-02-14,-7.004932968812606,32.678507435586205,16.665857767392904,24.81242678395728
2001-02-15,-5.576962387549184,34.237555105841096,16.091626910682184,26.36452693241329
2001-02-16,-4.471889967153298,35.82288672995437,16.366495479803657,24.618232939822402
2001-02-17,-5.836167015610211,34.96059032358076,17.190771792229892,26.11819014476822
2001-02-18,-6.5531653890839925,37.35302648134437,18.24519855212771,24.398889014596264
2001-02-19,-7.099625936896197,36.87161426806837,17.681498145728185,23.229793418526356
2001-02-20,-5.355383482879225,37.16119408538796,17.91026094255707,24.70690328011977
2001-02-21,-3.5515582146090665,36.501001082186114,16.459019707189046,25.02058786930752
2001-02-22,-4.420937856943135,36.93901176364381,13.959773880804626,25.954456499426307
2001-02-23,-3.609138576270901,37.615056331967786,15.690161352885863,25.845970152982712
2001-02-24,-3.922256906336542,38.137792727489405,15.25090072113952,25.320546446374003
2001-02-25,-3.3625802171390693,37.119146576077725,15.668357073144197,25.510384696508382
2001-02-26,-3.533061783201666,38.71242671227385,15.538966116373123,25.502978345058548
2001-02-27,-3.456349612468908,38.98508631452821,15.843751351888516,23.987443950850466
2001-02-28,-1.7168773507703856,37.4214065572951,15.610069658652682,22.30980140152435
2001-03-01,-3.13382120416063,36.32839081432449,16.133804398162496,23.48698365721448
2001-03-02,-2.828601691336784,34.88413559437531,15.913773174460138,22.748171762191525
2001-03-03,-3.1755283131634577,34.10115689699404,14.41827584916767,23.370930887446832
2001-03-04,-3.268851969661123,32.80035116030422,16.344047510567318,24.607524661413887
2001-03-05,-3.8918445130765686,33.54266359809519,16.70184344223774,24.900885899994467
2001-03-06,-4.7304279000883795,33.3597889792195,17.78276477458043,25.651777444385655
2001-03-07,-3.903621042571512,31.754713897386452,17.5686457459096,26.278237605996043
2001-03-08,-2.197222668947544,32.340215039233065,18.569995365956608,27.39919269909077
2001-03-09,-4.044205051055368,31.447796100222245,19.059124798539735,26.55180367391952
2001-03-10,-3.6734334820847696,31.089256852260643,18.625912548183766,25.421324121494187
2001-03-11,-4.488050915658891,31.761772207238756,17.19802170713811,27.211034449325485
2001-03-12,-6.457595558905202,32.918228644141394,17.300448850753074,26.116512850287453
2001-03-13,-7.849730396957073,32.471302890858794,16.1233359686111,26.88017959395827
2001-03-14,-7.301469757594406,33.57480173877607,15.002433175329443,25.752933723659577
2001-03-15,-8.501343669291183,33.71105147435918,16.00034074475687,25.06042798590307
2001-03-16,-7.902614707377713,32.8112524432097,15.902020202142072,26.025327496194684
2001-03-17,-9.721912011440686,32.4072567318351,15.210021807390088,27.50152432693448
2001-03-18,-10.25406032976722,31.922176818503555,15.783121503894371,27.849518679595313
2001-03-19,-11.41493578281976,31.853458109467088,14.465187362639142,26.670502940976338
2001-03-20,-13.036939398117882,32.21931667615386,15.320761038701338,28.07810986481606
2001-03-21,-12.53588684069224,30.489648345700285,14.49511650490432,29.222705855714715
2001-03-22,-12.39396047276144,29.658960070850174,14.234796273780137,28.902782478275274
2001-03-23,-12.89008298568576,29.677018235063027,12.383750964003056,29.979905422998335
2001-03-24,-12.728417372262783,27.891640153953272,13.593283214460023,30.362557322990142
2001-03-25,-13.94292327461264,28.20805823341648,14.340704461835921,29.58330312197051
2001-03-26,-15.228983036413904,29.207465235991233,14.306085951909404,29.356278587836332
2001-03-27,-14.884553016986741,28.61830752210408,14.129307695308073,28.798673272580082
2001-03-28,-15.711881819188488,27.015526907293246,12.751241690783283,29.266342926184844
2001-03-29,-16.87189840937378,27.063578621475205,12.281886344794463,30.493064735136734
2001-03-30,-16.11267951217219,26.31210353136326,11.409774134978502,30.66161924494716
2001-03-31,-15.480489953098854,25.95617131575672,11.107090435947,31.37855953467349
2001-04-01,-14.99622677156015,25.768208220414984,11.65112280035181,31.61352327420144
2001-04-02,-14.779609120099837,23.981619297610496,10.527335049254466,30.88722702142815
2001-04-03,-16.614056678927398,25.67628634151908,11.65015286995039,30.474613823616746
2001-04-04,-16.808033791312848,25.603453194422457,13.163925559280987,31.11331686533277
2001-04-05,-16.149405538823373,27.295671346250483,12.351560630236754,31.222347108298987
2001-04-06,-15.39833718526888,26.676263808398225,12.96105849381763,31.39605207948941
2001-04-07,-15.48492448425358,26.231015020334624,14.095920404034247,31.353008427011936
2001-04-08,-15.24527030195167,27.507207872716776,14.565910940729655,32.24557071507425
2001-04-09,-15.651766379406814,29.08634452603758,15.570317013347607,31.93004802766575
2001-04-10,-17.01171644079209,29.116494051581437,13.815590588804382,31.018368181078866
2001-04-11,-18.241991627883447,27.939429057713948,14.817144096380975,30.71459153202557
2001-04-12,-17.972545027830883,27.28899067970195,15.682947850495463,31.38505891931583
2001-04-13,-18.033383529443228,26.381686541525774,15.759664021321218,32.97636891415549
2001-04-14,-18.056713518854693,24.118205974160357,15.621669693342975,33.98817161322361
2001-04-15,-19.05438302091872,24.2578096933961,15.496406986708156,33.968978810925506
2001-04-16,-17.61923720656137,23.882123111804944,15.103036771576438,34.47539194354856
2001-04-17,-16.27690493087802,22.92761502289225,15.186930309246268,33.584719944715836
2001-04-18,-16.546361703294846,21.4123070889744,16.626227856752124,32.93308933631051
2001-04-19,-15.614681543960272,21.500247030691174,15.177160485572696,33.32261645115966
2001-04-20,-15.392951516427036,20.80562064198981,15.56803723366573,33.878997134780526
2001-04-21,-16.583876596320476,21.4691235846926,16.571377382082833,35.09905623584251
2001-04-22,-17.59830574677616,21.012903819928017,15.543699224777248,35.101399191064246
2001-04-23,-18.698935605419994,20.987677425682964,14.624259954525524,36.23458993497103
2001-04-24,-19.36893020252021,21.383493893897782,15.214952437916759,35.80304859594754
2001-04-25,-19.53446592200386,19.596464639434785,15.850089254990598,37.05736193390379
2001-04-26,-19.403296141279768,19.287812991002482,16.29332274741282,37.13091861071699
2001-04-27,-19.452498698216704,18.27970338582978,14.96448661455816,37.66960767225234
2001-04-28,-21.519039210428346,18.44657334331342,12.814951760566363,38.482923901597985
2001-04-29,-20.678079388785008,18.154529308915734,12.753579251915696,38.60942009033843
2001-04-30,-20.491485947904625,17.16308927334673,12.798665179543667,38.69733593170449
2001-05-01,-20.418981591790395,18.155152517427222,13.312110107863385,38.324800365944796
2001-05-02,-20.202484105924004,16.423503464437214,14.766682542318996,37.07125125944702
2001-05-03,-20.99946243764854,15.649298998867899,14.88219940569585,35.70278026544216
2001-05-04,-19.974355903888707,15.298030733039088,14.967473866708438,35.362851126826314
2001-05-05,-20.55671487987123,13.627448256294635,14.446470747605835,36.08285667697422
2001-05-06,-21.132818264769945,13.509853076692927,15.163225071848476,35.39860064193854
2001-05-07,-22.33412271502125,13.075506838584761,13.707105846541063,35.62864452724871
2001-05-08,-21.44297408387274,14.58702025644524,15.272618382329075,36.52494244774718
2001-05-09,-20.401957153833735,15.29974207898089,16.167052365202576,34.66760909125453
2001-05-10,-21.1460171101544,16.096121901592095,14.957467698077856,36.06715934378408
2001-05-11,-20.931529975597797,16.047563121558696,15.539983937233787,37.79954882100621
2001-05-12,-18.625100659142017,14.177476990365722,14.624436001679863,36.55847279876421
2001-05-13,-19.537818956836947,13.882256217463418,14.348542087721569,36.80367937658015
2001-05-14,-18.507823880343476,14.803923392929514,14.656052599497473,34.93057206086189
2001-05-15,-20.533004216762976,15.521890126662452,12.698765490798738,32.36142641088949
2001-05-16,-20.67896696543434,13.89583973394034,13.315746154562222,34.57688884976569
2001-05-17,-20.990202337331855,14.950077196929369,11.652938490420276,34.52591241866758
2001-05-18,-21.19216879191647,15.808182515179018,9.413117954389364,33.66300269297101
2001-05-19,-20.66509387743019,15.85033741610545,9.175191108913785,32.34789133995929
2001-05-20,-20.192195225123417,15.88982351925753,8.930733245179518,33.44596808718
2001-05-21,-21.276205060601036,14.449362275757764,9.898253461134,34.5649116733361
2001-05-22,-21.960478595320758,15.65043872405198,8.136229348043772,31.86528690343821
2001-05-23,-22.08749654670093,16.948125543675918,6.798864078572598,32.059454014601066
2001-05-24,-22.38866841888211,18.13587015156108,7.474208883122271,30.902088032561583
2001-05-25,-21.87943695887032,17.325535243148657,7.247432544036095,31.152127575261062
2001-05-26,-20.853147574164595,16.435062119054287,6.302382617044825,31.578473150667417
2001-05-27,-20.43727021633107,16.324681218723953,7.7235592768681425,31.72052001635404
2001-05-28,-19.643265745906252,16.451414244533456,8.527155596741292,30.773829019977054
2001-05-29,-20.05342165108661,16.44714864579122,7.690335470083913,30.43551913201393
2001-05-30,-19.58711859963325,17.25501248558812,8.272825858245726,30.871406490931793
2001-05-31,-19.897479509995364,19.227192864717708,6.701000878137745,30.327834199327093
2001-06-01,-21.696198032538227,20.99352063764021,7.36547215594676,28.310194507017815
2001-06-02,-22.618009570933733,20.500776863728465,6.248997217846731,28.60513816804195
2001-06-03,-18.876751001100427,20.636398603841897,5.75767943752758,30.400302420000344
2001-06-04,-18.206482772160108,23.17867707699021,4.340102227568878,31.08722635790396
2001-06-05,-19.45796166062106,22.052690335580778,3.373376592416134,29.903109754094793
2001-06-06,-18.85458492851338,22.501853862070583,3.0285768235506745,30.202159462235144
2001-06-07,-19.81649693001407,24.569186582964676,2.241856744507948,31.43096361520538
2001-06-08,-19.583552984256087,24.388982495181253,2.1597967724035296,31.19282288552739
2001-06-09,-21.29728577519129,21.985911408119467,3.280996278350357,32.242925048918316
2001-06-10,-22.175059075929152,22.418528446717108,2.884634878512769,33.662687235882345
2001-06-11,-22.446029606203968,21.8084864824786,1.8090693023252182,34.76479453568455
2001-06-12,-23.022794804880014,20.240820115876964,1.6142109165441125,33.6879313918008
2001-06-13,-21.958488266214562,19.512040755415477,1.7342227131417252,33.076497706919724
2001-06-14,-23.424785506213126,19.35677067992054,3.1350028798408363,32.77301170823706
2001-06-15,-24.628630034441933,19.09232228518059,4.610114466506728,32.937222382934394
2001-06-16,-23.913478676198142,21.182506696928318,4.769856089275014,31.71793096489044
2001-06-17,-23.572391243551717,21.62527140094019,4.979672199038566,32.06138138461546
2001-06-18,-24.283781883532697,23.012896882409333,4.710914782458004,32.69232282065734
2001-06-19,-23.748275064956353,22.342829994155952,4.7235643326162045,33.325107289568464
2001-06-20,-21.101148859942374,22.130948315368844,6.234159490791489,35.229499443031436
2001-06-21,-19.58974864497457,20.470662848233246,6.662449158155554,34.21875987849997
2001-06-22,-19.899745461259407,18.834905692275274,8.37005023290393,34.23452993454484
2001-06-23,-19.457901473042558,17.6951177908237,10.793519107925194,34.40047829899794
2001-06-24,-18.933069200534973,16.902472605001126,10.093416042195372,33.13277423119125
2001-06-25,-20.011841250069047,17.672236618797545,9.7294600957405,32.6252533425468
2001-06-26,-21.590247469772155,18.70315233150817,7.897766537752718,33.49796823337003
2001-06-27,-21.54843064403668,19.3078029734222,7.831304259710812,33.76264963482262
2001-06-28,-22.004327265745715,20.9565062046506,7.385654390123901,34.52081028258444
2001-06-29,-22.892039656934863,20.944241912969147,7.738450444585962,33.286981723411174
2001-06-30,-23.38216076556626,22.17253902208451,8.371905627200077,32.58417965051221
2001-07-01,-23.07586875487727,20.031249424608436,10.49419991922788,30.946537980239412
2001-07-02,-22.47785215597509,19.381930620674915,10.750850687069313,31.87023584662746
2001-07-03,-23.94022354856336,20.42391234665586,10.760864753911935,30.85384817523857
2001-07-04,-23.80711829792124,20.31618314807634,9.865152872465636,29.497636546135237
2001-07-05,-25.086849202819337,21.37820575627423,10.367051831688153,29.092810433171614
2001-07-06,-25.78533494166312,22.433407809011918,10.6506438073442,28.702783843825273
2001-07-07,-23.846250110385515,22.655730682924837,10.07790753956194,27.772924377865376
2001-07-08,-23.490577717304095,21.75495498262946,9.106012283482066,25.929142322996167
2001-07-09,-24.112403471744454,21.174196065630426,6.07578652219029,25.424056674000017
2001-07-10,-22.081660192729434,21.66163568218724,6.968486370712682,24.694041311272173
2001-07-11,-23.188935445170934,19.911586041880156,5.494617351990939,25.053435040972847
2001-07-12,-23.24999605009499,19.589677876058055,8.014821770924321,26.34188430598323
2001-07-13,-22.01658713181379,20.122415504348037,6.769327566052934,27.356495864929585
2001-07-14,-23.296627044097807,19.537281707721004,6.70549019028142,28.692951205358025
2001-07-15,-22.824028130837515,18.507828384493045,7.817335770176667,27.776518911754287
2001-07-16,-22.48897516942909,18.938986934097322,6.589979771508619,26.519196791420057
2001-07-17,-21.719530381199792,18.473996621701783,8.569164954428611,27.015482790792365
2001-07-18,-22.539301362203844,19.84676280957034,9.285780140662292,26.463161358741704
2001-07-19,-23.868351587150975,19.861344685622118,11.197572836564145,27.16987698314028
2001-07-20,-24.311055315700177,20.407465919452665,10.663675521452044,26.047775950982945
2001-07-21,-24.792428604169306,20.25290871163033,10.021650880162454,29.180347568949347
2001-07-22,-24.522176809441593,21.075955058880247,12.463290883455715,29.7728129236583
2001-07-23,-22.93460744873468,20.391760622489823,12.133891740685785,28.374172137950563
2001-07-24,-22.400717425395687,21.767764926214475,11.317366761663909,28.41605013527747
2001-07-25,-21.85792417884088,22.471983468373065,11.052210393315812,28.72536896770006
2001-07-26,-21.276526458118603,21.048400633589857,11.089571863613664,31.075022712834183
2001-07-27,-21.625168212973676,19.83927399538942,10.559900173496352,29.7838252470535
2001-07-28,-21.626229390100512,18.973267723614292,10.045760657605062,29.503395821480144
2001-07-29,-21.728782627092823,19.63510414654709,10.574319272600942,27.81737651171077
2001-07-30,-22.692637132303922,19.218851640754632,11.255320570263128,30.493334342488634
2001-07-31,-21.444911646888556,18.337266203908456,10.853887838530474,30.266533623809682
2001-08-01,-21.271751019538158,19.676625605221187,10.209553260427626,31.086240419066403
2001-08-02,-19.780225438355426,17.970663685385013,9.811985141409645,29.960931275011106
2001-08-03,-21.130776473038544,18.32240807127931,7.92888104774246,30.368048072227804
2001-08-04,-21.15596413122462,18.147690390697242,8.298541902312682,31.24241030045495
2001-08-05,-20.828695053452538,19.92429179351025,8.414798139761086,32.5269967422892
2001-08-06,-21.07953973979312,19.88739645935809,8.818339788335722,33.715575500784205
2001-08-07,-21.568139120485903,23.029962723876345,8.912395471845219,34.64435616857216
2001-08-08,-21.411234281525537,23.18680577376098,9.164341717092672,33.86401205081569
2001-08-09,-20.147329449853533,24.291227577292144,9.034417888365859,35.6490560902569
2001-08-10,-20.234666687648126,22.301523675298753,9.739105267486583,37.17001288761968
2001-08-11,-20.791908818039783,23.372400581448215,9.995398267654165,38.12739430586301
2001-08-12,-21.422514224229307,23.09047836851504,9.753472188105837,39.159780688124975
2001-08-13,-21.770531557256835,24.362030512098638,7.479219817032105,37.94817297243556
2001-08-14,-22.81491440777974,23.948811944678493,6.851311439843411,37.00320552254512
2001-08-15,-21.927486684521703,22.95059863432711,4.7620285667785,36.36942983571287
2001-08-16,-21.054137920646358,22.73751668860393,3.473517012216667,36.37985575220324
2001-08-17,-21.046143665631774,22.332159861219285,2.664729965861842,36.38659705331527
2001-08-18,-22.433064371204022,23.440007818265034,4.17341998371154,35.14698577040232
2001-08-19,-23.472736523736078,22.567462628658593,3.5939202507275163,34.61205989210822
2001-08-20,-24.314424879385342,21.97662190115497,1.9018441938022537,34.485696773623026
2001-08-21,-22.699455336717183,23.140005394412203,2.225512670622929,32.196462342927575
2001-08-22,-25.064163506330576,23.758691034494635,0.9247687757158625,34.33467689829068
2001-08-23,-25.805946739222836,23.584429134696894,0.3732449072941214,33.775987863366254
2001-08-24,-25.68605614003035,24.221474886574043,0.42784357322470074,33.60897616626996
2001-08-25,-26.187561701220282,24.34522192278504,-0.23400212407632953,34.24781490664894
2001-08-26,-25.129289218848015,25.737329160221595,-0.5991737744148681,35.28370151345442
2001-08-27,-26.758828937063278,23.979220685376003,-2.5825178626341203,34.629064783211014
2001-08-28,-26.992106848364656,23.64793348916639,-3.036897221321779,35.01258747766651
2001-08-29,-26.608062323454188,22.788492715134712,-3.390907089099584,33.8498243780468
2001-08-30,-24.747778545740076,24.653343063589823,-4.435998830695308,33.149718425219035
2001-08-31,-22.280449397339858,25.501138297329398,-3.7001336873780675,32.8986770760498
2001-09-01,-21.813754703880026,25.20298922883931,-4.198456984178173,32.3339424411669
2001-09-02,-23.561156172694083,25.889067543109686,-5.62455346390454,33.99577199207062
2001-09-03,-24.03866032445995,26.769105509615247,-6.281845999085551,32.85616599868404
2001-09-04,-23.717361395621744,26.59871551360523,-6.767992135465995,32.26196031053788
2001-09-05,-23.538750325167488,26.67751827954589,-6.251310900770341,33.26802981930655
2001-09-06,-22.561139105021965,27.079147059371643,-6.788000096464792,33.97893459890714
2001-09-07,-23.530401878565396,26.70314535053549,-5.752879703499844,35.55054239422221
2001-09-08,-24.758191313330535,26.965079337431884,-6.287000011203539,34.9091723864034
2001-09-09,-25.581649780726536,27.170224956992357,-5.707007240425649,35.65564127012591
2001-09-10,-26.75443167806624,26.247549679758766,-6.931037703397559,36.33060687324157
2001-09-11,-25.822520394019875,24.642836819113388,-6.289346212334821,36.075791824273075
2001-09-12,-24.833466415850978,25.747392346675724,-7.713127340913768,35.78430034802561
2001-09-13,-23.00573685159956,25.613803730999518,-10.148314850078048,35.55653839638163
2001-09-14,-23.606701297580074,25.71281252682812,-9.2854899280535,34.25040910486785
2001-09-15,-23.87702911551792,25.53187359409882,-10.175922640849944,33.82166828426504
2001-09-16,-22.538768607569448,25.62361000615119,-10.32495088672351,33.93963793750913
2001-09-17,-21.12506427194574,25.57871394068658,-9.098560487219217,32.33072891032154
2001-09-18,-22.57419311039814,24.668183218288043,-10.355607911653975,33.9739896406328
2001-09-19,-23.893797499972017,25.74603888558539,-10.94957951585766,34.41230317181608
2001-09-20,-25.078968910358654,25.224606868586005,-12.052548578792146,33.50012545968644
2001-09-21,-24.336612297713813,25.901200379955426,-11.766257056766788,35.0546445068159
2001-09-22,-24.1859346036314,25.029355627101673,-12.879402412870206,33.46846345344091
2001-09-23,-24.03245017424958,24.675931983942668,-12.2061658247479,33.44018449890338
2001-09-24,-24.665070626267656,24.188953117253526,-12.168578003877581,34.53614983628623
2001-09-25,-22.767976268840727,24.264045893759437,-12.870742607262098,34.743380241451604
2001-09-26,-22.838753097669677,23.74943011643668,-12.863360306845859,34.79690453516577
2001-09-27,-22.15079992971564,22.211940485858843,-12.274994637987827,36.216158065674115
2001-09-28,-22.671613534858235,22.107884662561275,-13.166376113329669,37.47185723744693
2001-09-29,-23.117193983922963,20.164263339901648,-12.17348707607145,36.842358441297385
2001-09-30,-24.25379745081197,20.430419432361493,-11.929763174207773,36.64990727862539
2001-10-01,-25.202512939033813,20.436134149030185,-13.100586984228894,37.925436757671726
2001-10-02,-24.150773330151775,20.11156771992254,-12.2777749046361,38.85870924457895
2001-10-03,-25.416619803960174,19.273079696901245,-12.968590804689168,38.71094723690374
2001-10-04,-26.400396324932483,20.006503945441573,-14.366187310447838,37.689322542218065
2001-10-05,-25.812975996967108,20.88473511566834,-14.251287272257613,37.721831479485324
2001-10-06,-25.584723230660497,23.04047126753898,-14.383682409237267,36.752547731162124
2001-10-07,-25.902269908230988,23.744605317276243,-14.85066259216518,35.34664042540527
2001-10-08,-25.601218352787285,22.300741550258774,-13.17334152231204,34.83893923178802
2001-10-09,-25.982470765999878,23.725251957892866,-13.101201315914249,35.6073828360256
2001-10-10,-26.49912917161286,22.630852021898228,-12.635220241913858,36.885761336070836
2001-10-11,-27.3961109300568,22.77743962898631,-12.951361262794121,37.05531562413863
2001-10-12,-23.209615937784537,22.004801689535462,-12.810244148918592,37.230646341086434
2001-10-13,-22.498755015308383,20.872449846768706,-13.24995692216023,36.03009150062667
2001-10-14,-23.463089109582903,22.024468273487997,-14.021395195676185,36.704018705060925
2001-10-15,-22.201409685423233,23.390992862852244,-14.611303699921944,36.7616088463434
2001-10-16,-21.249580419542827,21.94877431720242,-14.375176922646,36.61474305564242
2001-10-17,-21.895388522281333,21.838674045100277,-15.092167448917115,36.32001434766255
2001-10-18,-22.081835029528435,22.803442231693563,-14.246444824188336,34.53769406717049
2001-10-19,-23.34072354389605,23.20199219758247,-15.753398338626548,34.69031499763599
2001-10-20,-23.78426199379322,21.573337858083303,-15.799611653773844,33.706422954861914
2001-10-21,-23.784758688826372,21.279389625477016,-15.473212421349215,34.88089105749092
2001-10-22,-26.15761928239422,20.169948806382695,-15.021395289888853,35.07483784627723
2001-10-23,-25.251166130211097,19.7643845480285,-14.862497207015808,35.196682550059656
2001-10-24,-26.361696573818854,19.898047486277513,-14.34246194286399,33.63722728976628
2001-10-25,-26.00521844607254,21.14280174641873,-13.271658823429371,33.277412376804584
2001-10-26,-25.8855532818113,20.454935836470053,-13.125574890515388,31.623024371079254
2001-10-27,-25.43852102019,21.76581182331647,-13.203200956410745,31.4164809109137
2001-10-28,-24.55305189524816,20.875429554179707,-13.304471909998353,32.23451582786078
2001-10-29,-24.387752891044506,21.69989803449206,-13.460725950962138,32.49599380071579
2001-10-30,-23.757116354751723,22.768132266980178,-13.058032409007781,32.67494606008011
2001-10-31,-24.470943714448786,22.390686365950355,-12.609683277782874,32.6475066021388
2001-11-01,-23.098518652807297,21.98361472643917,-12.62096718518549,32.928718125898044
2001-11-02,-22.182639687581233,21.74892410972421,-11.96299319245686,32.66184299446751
2001-11-03,-21.872707491360543,22.257032921485468,-12.783588706136639,34.183303874495216
2001-11-04,-19.626287565386342,22.25069747489141,-13.511652493844322,34.437418772806105
2001-11-05,-18.18245495528359,23.204534063978038,-14.332968189975968,33.15781080176976
2001-11-06,-16.34106123682499,21.78539467144991,-14.918546274459363,33.58400540048316
2001-11-07,-16.623259415809223,23.158970166654463,-16.708261824822213,34.10285068032359
2001-11-08,-16.18434559235002,22.63469726573168,-17.889035645131386,34.98143557339572
2001-11-09,-15.90012165291445,22.996164261582354,-18.796984400331255,35.43188449615751
2001-11-10,-14.423958032684075,23.500046263317195,-18.760300824961014,34.33653342464474
2001-11-11,-13.884032956176641,22.117635696466333,-18.86593546679882,33.375262894471966
2001-11-12,-12.97186542813027,21.49015353504274,-17.217004720242787,31.684806989315597
2001-11-13,-12.085681855042477,18.903688477660737,-18.2976915732776,32.25627809109796
2001-11-14,-11.64764582683764,19.459534900765167,-18.413370417048295,32.04135757986588
2001-11-15,-9.737361025177885,19.180435631043686,-18.62387512527631,31.894166192193698
2001-11-16,-10.08843406189345,18.06340432486973,-18.22212608413371,33.6149541331468
2001-11-17,-9.79117412548255,17.010275654696223,-19.312903094464605,30.62423613019032
2001-11-18,-9.257161335207723,17.32440826955891,-20.728129043611823,31.848726065034963
2001-11-19,-8.23970252751339,17.213235269051697,-19.77618898284392,32.38275302623779
2001-11-20,-10.769163099877172,15.060595121891467,-21.148851363913955,31.84160798527611
2001-11-21,-11.609492700380839,14.638077704925168,-20.122446490384604,31.18232564939784
2001-11-22,-11.794834571606238,15.9241982856721,-18.967504491353104,33.60153387559846
2001-11-23,-13.644109715029733,15.133536327847025,-17.146813188584492,33.40724405387894
2001-11-24,-13.226210450371617,15.57104414701161,-16.90535649902762,34.06247038245897
2001-11-25,-13.179482258363858,14.553720197035096,-17.044397160441314,35.59277765251286
2001-11-26,-14.823285035775683,14.815574256424565,-16.504212285546064,34.858332338032575
2001-11-27,-17.26659931140874,13.414788524930774,-17.222227825094755,36.10672030122344
2001-11-28,-16.18926489772804,14.099242370063344,-17.779925428414685,34.58263697985171
2001-11-29,-17.509569761197568,13.829103331807458,-17.90348442716189,35.491480765716375
2001-11-30,-19.095372377025917,14.039562806458802,-18.730619044893267,35.863608334949575
2001-12-01,-19.717298617745364,13.335780986591388,-17.91754558452192,34.096295720588614
2001-12-02,-20.644578624404147,14.04359683371122,-16.72763276205706,35.70727732413121
2001-12-03,-21.150882285909585,13.353612686432681,-16.409151862867052,35.55200274869787
2001-12-04,-20.593057612023266,13.574215615439526,-14.904102704114846,34.001656016200656
2001-12-05,-21.21666236307635,15.509988819827694,-15.62691486259192,33.36402240941874
2001-12-06,-20.87629548102293,14.92532837388047,-14.40964026450816,35.22711178939452
2001-12-07,-21.804716349628038,15.95276264100274,-13.711048858181442,35.50544294044937
2001-12-08,-23.655297975491514,15.040323066480283,-14.328384674787387,33.45904220701248
2001-12-09,-24.043974456560342,15.027349345243383,-13.174151716563424,33.47424548051233
2001-12-10,-22.459214013245845,15.01447284460591,-12.668599403995838,33.041375621710024
2001-12-11,-21.492003144395206,15.818801206824649,-13.008057449334446,32.91356398225462
2001-12-12,-21.39161861265241,17.364736243822986,-13.697216830719768,33.57370767513536
2001-12-13,-20.518709181738256,16.134470651908355,-14.820901803863666,34.43929372807359
2001-12-14,-20.40411616765528,17.66431096340659,-13.859451351749687,34.98915302229813
2001-12-15,-21.347247604305807,17.32337301105381,-12.206439597555013,36.280670458413056
2001-12-16,-21.059375541057502,19.5147126897387,-12.926192631557017,35.29069345655555
2001-12-17,-21.393988851254157,20.547876375014678,-12.293776462446877,34.227940103635405
2001-12-18,-20.104604881585903,20.050525536896355,-11.820019431345452,34.666152877576
2001-12-19,-20.21689707163444,19.903678352745555,-11.420460420572194,34.35245809327087
2001-12-20,-21.2227395662855,21.123382255500566,-12.010193000572544,34.820961546320675
2001-12-21,-21.167460733915814,22.583755241037235,-12.680968890619496,35.390357961094445
2001-12-22,-22.792278583518247,23.775144121147488,-13.625437118974554,34.83788906846854
2001-12-23,-22.513020928992155,23.58657010214199,-13.271576966691597,34.47321836049639
2001-12-24,-23.12789699386277,23.107304374880645,-12.845009676580792,32.6226498609816
2001-12-25,-22.676231177372426,23.82360067595865,-13.731982628961848,34.00502680520094
2001-12-26,-20.742810520585312,25.474284233246756,-14.363436179293686,35.57978464330032
2001-12-27,-21.194190497531658,25.082211855399514,-12.989886859774927,34.876724276172276
2001-12-28,-18.33190202164278,23.74515170294823,-12.211775378416252,35.08322855864388
2001-12-29,-18.42668501660033,25.448986990450734,-11.901896263433423,34.254413238468004
2001-12-30,-17.451341231233823,25.550449145886734,-10.369014606683661,35.41459764173898
2001-12-31,-16.42704849468282,23.914814587453055,-10.592233115832283,35.49786734341039
2002-01-01,-14.816088385398858,26.06763139048274,-10.305593969296375,34.79556413129639
2002-01-02,-13.84472964357038,25.80534447324943,-9.92570832968579,34.01047187198969
2002-01-03,-14.237205707654486,26.106479921093257,-9.264992220826986,33.22671940235399
2002-01-04,-13.362290586081537,26.059973569344375,-10.248620775598388,34.347407891431985
2002-01-05,-13.47551651905133,27.857870750905203,-9.612730835933528,35.36803371373608
2002-01-06,-15.093644381210286,27.505925492363076,-10.385166281176145,34.72395374973701
2002-01-07,-15.491678118601518,27.369035709812124,-12.909117484209734,34.76204261551405
2002-01-08,-15.867041539543461,27.442444729140234,-11.594127207083663,34.92037102641769
2002-01-09,-17.28827287962255,26.669553911657033,-11.730037925547975,33.84962075281866
2002-01-10,-15.642510278224165,26.599683238421072,-10.857877301309236,33.919198195557776
2002-01-11,-16.10155200645967,26.620548754960424,-12.09301211642926,32.120392040362816
2002-01-12,-15.673456047428997,24.904691986410004,-12.084300671267592,31.263079428195887
2002-01-13,-14.049993248945661,25.565575831098695,-12.504093896715332,30.953598700489728
2002-01-14,-13.157515926186795,24.682212266995155,-12.792407512882738,30.35058256431876
2002-01-15,-13.741030938305856,24.387905672659784,-12.35101685295881,31.531848533820835
2002-01-16,-12.663723049564835,24.21520501082089,-11.411645438757304,31.736575556180632
2002-01-17,-15.049363881552898,22.296117973941993,-11.776039652883156,32.0815566679857
2002-01-18,-15.328857692384126,22.8057654757002,-13.030668858696131,32.22541223447568
2002-01-19,-15.324196889724332,21.27057206929637,-13.668557537090372,32.09571549283993
2002-01-20,-15.761934615108363,20.599366784979914,-13.422274232506608,31.75320746991983
2002-01-21,-15.19386920748204,20.02116179081452,-13.221150632213861,31.580661595595778
2002-01-22,-16.53843818464519,21.253882276119164,-10.53116757000492,30.5415160471395
2002-01-23,-18.159673155623878,20.368873727286918,-11.321610165330974,30.532075781488132
2002-01-24,-16.8728642485442,20.829495104405066,-10.478833644815388,30.9158974159749
2002-01-25,-17.405280058871295,22.11123618466156,-10.630284834791237,32.60291996855416
2002-01-26,-18.084145956911676,21.23617320895835,-9.092317894946028,32.55411408978208
2002-01-27,-19.496965447607376,22.430911961005993,-8.530573076083858,32.11283254597871
2002-01-28,-17.70012199956561,22.544573056929227,-7.131666543427857,32.81794770365173
2002-01-29,-18.398962585209937,23.067582083747038,-6.131692074970751,32.592237627051745
2002-01-30,-19.060919420692986,23.664775409033645,-5.43434701053075,32.86130411550331
2002-01-31,-18.202222341159526,25.5052995034284,-5.23728667588363,33.203098077948006
2002-02-01,-17.827268688994394,26.283403302789104,-4.741026799114428,32.955390346757824
2002-02-02,-18.391456140520106,26.845306679438153,-4.3043909652903665,32.67230462672501
2002-02-03,-19.422953405151063,26.54070182666777,-3.8326362778947365,34.32511801069296
2002-02-04,-19.29668694696018,26.43413597707222,-2.375606769198629,34.27269398287807
2002-02-05,-18.7257049075197,25.225245416385967,-2.4316742104278988,35.04489182650339
2002-02-06,-18.372615559382858,23.91102472697035,-4.6641626678411265,34.75630365523816
2002-02-07,-18.43965599822238,25.12419328658991,-6.360491145279887,36.17146046322375
2002-02-08,-19.93290151122505,24.62906003428597,-5.18103386149407,36.72561808816216
2002-02-09,-21.951839085885144,26.713811875924932,-6.010975381965103,35.82111346946854
2002-02-10,-22.10266187193083,25.784772674147344,-6.876391081298316,36.65407385380017
2002-02-11,-21.85026319571944,24.656909226143718,-5.26691879374634,36.335213072496444
2002-02-12,-22.825016862497336,23.82467639626413,-5.153721828107033,35.33091433734067
2002-02-13,-23.168193910469927,23.065906908470666,-5.1229557668992465,35.87832605417567
2002-02-14,-22.235040729459246,22.26809111460949,-4.379042590910291,35.28746564454915
2002-02-15,-23.26582948831433,21.114082662030736,-2.662467342371558,35.25717325831802
2002-02-16,-22.512372675381787,20.56550825698956,-2.645696036928532,37.56806197883716
2002-02-17,-22.49605125962878,18.980042192094672,-1.6244187391699225,38.2042285044199
2002-02-18,-22.419738395879534,21.206446730869924,-2.391167595060396,38.133375009417044
2002-02-19,-22.939122155744585,22.2547475236282,-4.561232945708222,39.52838414695643
2002-02-20,-23.258206596795567,24.33539256569014,-5.21883889500746,39.14922852849883
2002-02-21,-24.28236323380992,22.39601630830848,-6.112702739515962,37.74347284677244
2002-02-22,-24.703751085408765,20.532952655303454,-7.129817656244402,38.6433905987952
2002-02-23,-25.359887464944737,19.63043976701864,-7.492321772679833,37.34731122198868
2002-02-24,-26.090764751507958,19.241067513168762,-7.27254364550005,38.21798102901035
2002-02-25,-26.872480133292534,18.530819557179047,-7.718187441277553,37.70340095861951
2002-02-26,-27.657302532183735,19.887640555194228,-6.998693716667264,37.0449989118022
2002-02-27,-28.47852343070401,21.524945056760256,-5.64403633353094,36.925973782165585
2002-02-28,-29.41560619186683,22.070760279990516,-7.018367980688961,37.964214007679125
2002-03-01,-28.90839884569752,22.417934999973557,-6.972484247139624,39.31264986166973
2002-03-02,-28.68333962749967,23.326845434581106,-6.210004050057915,36.82069998859898
2002-03-03,-30.514496190210107,23.835608076342375,-6.257847803233908,37.02378676018639
2002-03-04,-31.102205882051603,24.18239549430934,-4.195251700879393,35.66442209064564
2002-03-05,-31.46235436123927,24.23818756205559,-4.318483928138447,36.525181185051935
2002-03-06,-31.363955257068827,24.828148999763407,-4.510762633167335,36.19426822471127
2002-03-07,-29.802180537456703,25.890728404361578,-5.405220578457826,34.96889103591725
2002-03-08,-31.073857427008928,26.187407475855316,-6.83803954623278,36.01786667625701
2002-03-09,-31.499270356375412,25.96306955679296,-9.141592695001542,35.68475210222818
2002-03-10,-32.20070323867327,25.739506235866024,-7.797081751868683,36.33111385770867
2002-03-11,-31.147761241388796,26.58689332223848,-7.388420064153776,35.51227882159459
2002-03-12,-30.083407430143367,26.391928599060627,-7.173087529769,35.2659937019982
2002-03-13,-30.252955041858538,26.384280656568105,-9.06873997441031,34.980222538956895
2002-03-14,-29.0709686222185,25.970532719102618,-10.42906377414372,34.40853527443937
2002-03-15,-29.157102748204764,25.942028336219025,-8.940232759205045,34.582531419163736
2002-03-16,-29.89687862359549,24.60916813868515,-11.049131929118957,33.65801248747643
2002-03-17,-30.59488761705355,24.412595100419516,-12.410936757494616,35.513497124932606
2002-03-18,-30.315155509535174,23.972679069932575,-12.068925067871675,34.7706452466379
2002-03-19,-31.081633988371834,23.9551309222818,-11.984231610315144,34.012427198459534
2002-03-20,-31.31324635994978,25.233960786094656,-11.136162722055401,32.68403629020391
2002-03-21,-31.73788806935233,25.85247570213234,-10.472700833990961,32.90467210504514
2002-03-22,-31.518350634681983,27.906516029244226,-11.590813710290895,33.40002426000129
2002-03-23,-32.38664935149136,28.66509663406061,-12.891989386189291,35.012025434435024
2002-03-24,-31.221204648302162,29.809199730030016,-12.361960327173898,36.349225903494755
2002-03-25,-32.21336157752598,30.333393863766076,-12.227829143178397,36.037862644423406
2002-03-26,-34.05697454335421,30.86231334610743,-12.740345125745131,36.803740474952306
2002-03-27,-34.90060650488534,30.813767654786755,-12.195522260353307,37.35784273533611
2002-03-28,-36.027247614877034,29.873064380952062,-13.026770785468264,37.662070269251664
2002-03-29,-36.21075087982417,28.52519008579003,-15.21844497210569,35.887188541133
2002-03-30,-35.410910143309145,29.09285903613958,-16.04050781739019,35.65899409348604
2002-03-31,-35.71900147705895,29.22285232343604,-15.109198293740237,36.70931877224815
2002-04-01,-36.20448219051077,29.757370925564366,-14.921155999092095,35.79070355851295
2002-04-02,-35.814096811557704,29.07777426575898,-15.466279797364608,34.68116588284889
2002-04-03,-36.14052099385951,31.394794863319078,-14.470541017753193,36.20793398351367
2002-04-04,-35.833216034769585,30.692487914074995,-13.536052447976761,37.356333037949575
2002-04-05,-36.255538801318416,30.378215266230438,-10.79483514358896,37.38080594079871
2002-04-06,-36.26369498691369,29.069766812411828,-10.518170797638714,37.138960742507095
2002-04-07,-37.3920955437449,29.137550120452744,-8.997328661112588,38.21998593746659
2002-04-08,-37.58626762812294,29.42628433647429,-9.65508674574226,36.29182489901661
2002-04-09,-36.01241486947634,29.0159462358508,-10.682751662727583,34.98543900046957
2002-04-10,-36.23367186313663,29.435156724413403,-11.463822424466969,32.94622523065079
2002-04-11,-35.20964941456843,30.180035622804127,-10.838904043786313,32.600652844666875
2002-04-12,-37.437136533116984,31.1601537328798,-10.552019930572198,31.791378223369144
2002-04-13,-35.07272919151217,31.37826421969875,-8.90050508953026,31.77752771581769
2002-04-14,-36.235115699437486,31.09110161373584,-7.084890706966734,31.909377123324425
2002-04-15,-36.15782757115981,29.10216134162713,-6.127523058283225,32.0828439968509
2002-04-16,-34.61662104964534,29.37390406004184,-4.571282360745313,31.88554445580752
2002-04-17,-34.43227886719876,27.991369909184623,-3.677304723004191,31.629074422801985
2002-04-18,-35.010806907432766,28.82650066329365,-3.9810530494747045,33.21555650926526
2002-04-19,-34.295575609294204,28.782578598068454,-5.6889326795793,34.404223430445946
2002-04-20,-33.41972022385164,29.08871118679664,-6.1138546640278415,36.3633377260236
2002-04-21,-33.89349959589041,28.326418526050556,-4.709454739503338,36.64768161111875
2002-04-22,-34.33588384464916,28.437760638261285,-5.618084326649679,37.890910283344795
2002-04-23,-34.966356352573854,29.19391444291517,-5.55603440031183,37.69764547799885
2002-04-24,-36.93905456494286,28.76105727217193,-5.454532598642104,38.294009789006275
2002-04-25,-37.86347864420332,30.158059989027873,-5.421920860499845,38.39375404945218
2002-04-26,-36.43902466475469,28.864719217064398,-5.1547185389418315,38.99115488366098
2002-04-27,-36.86980490361737,26.893513966151374,-5.23483029218448,39.82342251493611
2002-04-28,-37.62167679998591,27.487850755814073,-5.282202332357153,40.271014877130945
2002-04-29,-36.87883990639228,27.47540806039168,-4.3361252958834084,41.29489709537314
2002-04-30,-36.696884401527335,28.392997196366718,-5.055786219393266,40.79632887915482
2002-05-01,-37.92288456478878,29.149127427349036,-3.9569921943712876,40.616607142803936
2002-05-02,-36.696301214180544,31.132410592433843,-4.997616423367191,40.808951305343605
2002-05-03,-37.930294146668764,32.657162900982904,-4.15128771157294,39.43933002507017
2002-05-04,-35.78336813300782,31.62187200177004,-3.6011373247682896,39.61170034557617
2002-05-05,-37.07995937974662,31.894679069697904,-3.738633131866999,36.39471519819256
2002-05-06,-37.652980844528074,30.773327638785577,-2.3590464849976707,36.442459544780334
2002-05-07,-37.5740379123258,29.155380750844998,-4.322662600747123,36.495370418254744
2002-05-08,-35.89520907318381,29.371421211068093,-3.585946097115352,35.14528173051619
2002-05-09,-36.37241163278672,29.73643286647406,-3.674071692763212,33.70409901126908
2002-05-10,-35.7606954474292,29.906736066101736,-3.709696623686086,32.271752317649394
2002-05-11,-34.96227725008698,29.554928325268705,-4.104801363365116,34.18503211976973
2002-05-12,-35.9961947578897,29.079816066185682,-5.316741170539732,34.26055582019015
2002-05-13,-35.4284849090003,30.302358614876997,-4.59040586044816,32.93516729210438
2002-05-14,-33.2724089647366,30.153385589081307,-2.9259008309453285,33.50868371467285
2002-05-15,-32.26701009298081,29.518695967064456,-2.9348267906872176,33.78848465291478
2002-05-16,-32.664003501348816,28.687449625038965,-3.7360841902606863,33.23350068616994
2002-05-17,-32.2772855219366,30.91519332895009,-2.465115039546535,34.34693433899571
2002-05-18,-31.867903143383646,28.82259047429731,-2.3610529162758,36.101206810639155
2002-05-19,-29.2972109110186,28.127969804738143,-2.4224008630947864,37.294884172787754
2002-05-20,-28.67871679733149,25.556219020069104,-1.0510105626196407,35.422024258117936
2002-05-21,-27.736230601180488,26.586125551120087,-0.4600337487431584,34.89664681630934
2002-05-22,-29.019516788187747,24.65237827236165,-1.3111142995842915,35.814421385869345
2002-05-23,-26.451721754293093,24.9207998660326,-1.4153606430993972,35.65318256043307
2002-05-24,-26.2945600060116,25.654038329591277,-1.7551803900205691,35.0693148412055
2002-05-25,-26.682850198541075,26.35816899396148,-1.68494127896168,37.249026610508146
2002-05-26,-25.41427942053743,26.250509441732667,-1.514614399801187,35.823140629784135
2002-05-27,-25.756579463313358,26.107304370361167,-0.6247711692486412,34.26619938098775
2002-05-28,-26.19615258511907,26.39665279111451,-0.7431775011104007,34.98058386027822
2002-05-29,-27.532482304241345,26.42519374999832,0.46664456487709516,35.788730302382916
2002-05-30,-24.905080531067274,26.63516345077806,0.6189375414337521,34.95675254793778
2002-05-31,-22.923110622134296,26.192199583349545,0.8720969395957269,34.63797102462932
2002-06-01,-23.635603355998818,26.6030810705117,-0.9277212037166486,33.17691132806075
2002-06-02,-23.197122405437792,28.060666524412856,-1.2089863863743817,32.526791206276116
2002-06-03,-24.335851669602235,29.51306822096264,-0.5579557970338657,30.945351248342586
2002-06-04,-24.10029129920379,29.549208916570965,-1.6089750985394935,31.979369093913103
2002-06-05,-24.566688589794456,29.857533788340564,-1.2972941383213463,30.149700072575502
2002-06-06,-24.46721730120472,29.902232889856307,-1.7170673651643622,29.070813588885144
2002-06-07,-24.241715164147305,29.961005265049923,-3.6766064293098752,28.751887112269763
2002-06-08,-24.128707964381157,29.33486404527773,-2.75487316277551,28.72404874984715
2002-06-09,-24.386219240178978,28.03890168560593,-3.4554222197815068,28.067396021785687
2002-06-10,-25.49002502446304,26.97876106827442,-3.018221394194736,27.570519437788345
2002-06-11,-25.318578509419215,25.454422503464627,-2.846977279505955,28.097256316622524
2002-06-12,-26.43728743795471,26.253915605530345,-1.2356632223135564,29.29003347062586
2002-06-13,-27.01071651119576,26.49999734645347,-1.2642329968641848,27.476707028988862
2002-06-14,-26.440788446994176,26.176307900737896,-2.4879381070143554,26.40690634639038
2002-06-15,-27.82562031393479,25.97467264224206,-1.773596782767433,27.61214745059996
2002-06-16,-26.79834098922985,26.776664051529984,-1.1308144498278683,28.185346767752243
2002-06-17,-26.786427744055157,25.898460655844943,-2.264911113923504,29.327003913898224
2002-06-18,-25.413877739933138,25.82100056846681,-4.256623910342047,29.81823670034341
2002-06-19,-26.336613521931152,27.199078778221438,-5.7547374206252435,29.048158897089227
2002-06-20,-26.02389660436848,25.99533638508825,-4.027114158334658,27.914373780607363
2002-06-21,-26.566261756176235,24.187678287098823,-4.453849342918827,27.52557172368254
2002-06-22,-26.825404732507074,24.41797492579164,-3.741926646836556,27.392773739229792
2002-06-23,-25.01651847801052,24.321381305261937,-4.4035295821094484,27.384917645596165
2002-06-24,-25.011775151494742,24.410816105634296,-5.352937652550025,26.936998665084896
2002-06-25,-24.621833889797895,24.930550425277605,-5.385131867962921,26.727938314363467
2002-06-26,-22.836518031854872,25.202640298994258,-4.515947491047981,24.93595790506846
2002-06-27,-21.61647585262273,24.977526641304088,-6.443153558314366,24.92324438706559
2002-06-28,-20.906979113711554,24.449999839307303,-4.790294393173673,26.341322633375164
2002-06-29,-20.421057529285257,23.251239733124255,-4.776863556954816,26.75633588408345
2002-06-30,-21.888065419457604,25.4396936214126,-5.609913830403758,27.733365641003733
2002-07-01,-21.548015155798126,25.509090581414416,-4.3281569168320075,25.52016717426823
2002-07-02,-21.744691126562604,26.84694878311,-2.3829120688149548,25.623585833409294
2002-07-03,-21.325765156607563,27.620082462992553,-4.999244073038572,26.622476726136508
2002-07-04,-21.920782696397254,27.770996092031087,-5.058496758865281,25.652968373517094
2002-07-05,-21.83822929455866,27.39710014434631,-3.428241005084617,25.81175926664532
2002-07-06,-21.315918714064214,26.757020447056735,-3.200254203856723,27.67425522897443
2002-07-07,-21.727457207770208,25.628065156224125,-3.5766977170217005,28.987611921301717
2002-07-08,-22.20405451946416,24.646604051667094,-4.144647294362211,29.3133322388576
2002-07-09,-22.835072238226896,25.05401867487728,-3.6402685028202706,29.487077429207112
2002-07-10,-22.71691109797922,25.500891634577822,-3.672398635808351,30.413383895799072
2002-07-11,-20.104774152022017,26.255764537978983,-2.843684368735518,29.654551114170996
2002-07-12,-19.423705235343377,26.668281348077517,-2.893471501758872,28.730162659665233
2002-07-13,-19.183097496699006,27.57746476845824,-1.5958551313099292,28.696011270248707
2002-07-14,-17.951066325868577,28.98839515303442,-1.394999988126943,31.413260264520805
2002-07-15,-19.894452809011426,28.496566010726568,-0.2377271914559822,30.8776901745362
2002-07-16,-20.634979026478895,29.748290871452177,-0.2963595088474651,29.810064871359216
2002-07-17,-21.025250609121983,31.299798463958062,-0.13918067471938236,27.940092115673373
2002-07-18,-20.622135912392682,33.033596531654865,-2.2734269635452105,25.922370541957136
2002-07-19,-20.23737181200177,35.18879651795016,-1.5893967940014848,24.08527622635025
2002-07-20,-20.024352518951503,34.78570887027814,-2.166246340376503,24.03157153926821
2002-07-21,-20.61847766855525,34.34595497254545,-3.0797876699920836,24.82579306183823
2002-07-22,-21.87051478259901,34.19602018277756,-2.7057464497797485,25.644317620998653
2002-07-23,-23.22815151744253,33.753306194786276,-1.918674418692647,24.82602680599424
2002-07-24,-24.31839869625824,33.56006469645236,-2.2495819689527776,23.389574516237843
2002-07-25,-25.398614259009296,33.40328913869803,-3.122976588644985,22.583945167795736
2002-07-26,-26.643891646485404,31.278896099928332,-2.9302785841882244,22.778368050044268
2002-07-27,-27.237035109502223,33.15066732687242,-3.8971076377658185,23.15047795409707
2002-07-28,-29.71840529520683,32.820073275812305,-2.2385811334338106,22.311797389389525
2002-07-29,-28.762934601636747,31.259779069460166,-3.3276994435653116,21.389648640795947
2002-07-30,-30.24489650787402,33.61351988010633,-3.0802455992991593,20.479206260300007
2002-07-31,-31.02848313082763,33.223453290827145,-1.868482742090524,19.9903915779502
2002-08-01,-29.241377300208278,33.179591137610096,-1.3280006415316445,19.698883652574093
2002-08-02,-29.161386551009404,33.36731485938662,-0.779919445335569,20.189367373360835
2002-08-03,-30.471846439191047,32.5599198504654,0.7762639820344007,20.508450307826468
2002-08-04,-31.81597046341235,34.941749607005846,1.787441004532254,20.215798186677446
2002-08-05,-31.29965926586968,34.085996809958445,2.531560541405522,21.799811326924033
2002-08-06,-32.36649590894786,33.099889050461485,2.9427463797771365,22.726214787287063
2002-08-07,-32.89639428689716,35.158799016762146,2.5179209279013874,22.004587418812676
2002-08-08,-33.20024465171632,35.33722641172286,4.188807955521188,24.675448668633322
2002-08-09,-33.403911708212945,35.71434779361022,5.122394312925071,24.36297829440716
2002-08-10,-33.46110032808589,35.0769837076397,5.622904433791065,25.02873141793068
2002-08-11,-31.889478755848476,35.370987501859105,4.896187604333647,26.10709295552322
2002-08-12,-32.798821975956976,34.812276087418134,3.949610039645743,26.224347817284897
2002-08-13,-33.24125428257836,35.239376534937605,3.6062645903614152,27.375241636281583
2002-08-14,-32.1380548670554,33.99832972483439,2.0804902187894108,28.50384757447068
2002-08-15,-31.740931975894146,32.694589424793286,3.4879808409938855,29.336919574264588
2002-08-16,-32.82183100959127,32.63921485646589,4.214033626349503,29.550270621607094
2002-08-17,-33.91973110465974,34.86560441766721,3.646938043779198,30.097834212138206
2002-08-18,-33.703766048810174,34.98969122917871,3.327925378891949,28.89899453195631
2002-08-19,-36.288652853550744,33.4015613014787,2.1028856025122,29.94657024809089
2002-08-20,-36.85294214229713,32.55646862202394,0.32377781334516276,29.003101801851727
2002-08-21,-37.98090213808724,33.3689614075854,-0.6356034029521217,29.44034959700698
2002-08-22,-37.68560599542185,34.45501394364418,-1.7631608264472436,28.618850230692985
2002-08-23,-39.72351194683277,33.69414096966463,-0.7125022066106954,27.226956591275837
2002-08-24,-38.02749703274008,30.890635501524812,-0.2623851989258123,27.451551178635132
2002-08-25,-40.29426955468947,31.793640306202885,0.9038377200255183,28.18483912454068
2002-08-26,-39.64782829617724,32.61811406074166,2.79011245607479,28.563946902069752
2002-08-27,-39.84165288110703,32.26053598916575,3.29419401914641,29.23554836693065
2002-08-28,-39.8941832516519,32.2581155565386,4.463086749980478,29.113273024050475
2002-08-29,-38.66710507406875,33.250216612966085,4.190955296082571,28.98445712601954
2002-08-30,-37.995714431665554,32.57876214664606,4.494269470457013,29.562666249472482
2002-08-31,-38.74746186715415,33.27317097639826,3.5330730466427065,29.16573077303068
2002-09-01,-38.62081689114785,32.36111115418162,3.2533461289206334,29.850492524350084
2002-09-02,-40.43332258761865,31.679548395746792,4.894113010518518,29.259079883217797
2002-09-03,-41.640140464484496,32.33436361986756,5.72680138082571,30.36503705211417
2002-09-04,-42.04984510285139,32.066099365711516,5.328540728798372,29.61963127987801
2002-09-05,-41.678295925031186,34.30318724616056,4.688588088441974,28.689351814895012
2002-09-06,-43.16959406095427,34.86966215560623,4.907603012898397,28.226036558278825
2002-09-07,-41.57524016518575,35.840295690518865,5.963571118857924,28.188169682753188
2002-09-08,-41.74641117419065,36.770326208680956,6.983995613688059,28.418365522773914
2002-09-09,-40.88375782789045,35.90244548780369,4.521347003991983,28.38671081711713
2002-09-10,-41.7239049010476,36.12616202379534,5.178224196149033,29.787373215730643
2002-09-11,-40.704880949253855,35.22542854462734,7.2126188802627755,31.256604637930252
2002-09-12,-39.58064054738467,36.45575471871247,6.60813836497165,30.100575977323587
2002-09-13,-39.53316301075022,36.63538565093107,6.694447291617239,29.567966925913407
2002-09-14,-39.03813032241647,36.061807103891134,6.019395438999869,30.48449527577977
2002-09-15,-40.324559990943214,35.15170360281713,6.55286896591945,29.498628258587633
2002-09-16,-40.04382332783117,35.42595130512108,6.717755317088411,28.284405642305988
2002-09-17,-39.67934163071558,35.85649188844229,6.77956555363941,28.532630477498316
2002-09-18,-39.20209011211999,36.94673737038224,6.4625345283464375,28.2189757447445
2002-09-19,-38.62228747201185,36.79745292637853,6.042421700698122,28.443028681079934
2002-09-20,-38.51066003928716,37.26690700222782,6.739936389987847,28.995203583466523
2002-09-21,-36.79997999066071,36.26353385228599,9.141768231575568,29.226566212128347
2002-09-22,-37.36772955976637,35.5068046278234,7.181576908997931,29.633259832978798
2002-09-23,-37.68824226059249,36.42827483388846,7.138264561899418,29.185347352278967
2002-09-24,-37.73946853319899,37.25831632632283,7.570953855102105,29.158168845106466
2002-09-25,-38.74142807852327,38.066169888889654,6.919066063939844,30.099116152977416
2002-09-26,-40.06292024896043,37.44462576715532,7.426595542142895,29.41972433529524
